,ranking,domain
1999,2000,loopme.me
2999,3000,spotim.market
3999,4000,hbs.edu
4999,5000,bhg.com
5999,6000,worldstarhiphop.com
6999,7000,huedatastore.com
7999,8000,tokyo-sports.co.jp
8999,9000,988lifeline.org
9999,10000,kolkataff.fun
10999,11000,logitechg.com
11999,12000,udemycdn.com
12999,13000,doh.pub
13999,14000,dnse0.com
14999,15000,darkreading.com
15999,16000,wadax-sv.jp
16999,17000,merckmanuals.com
17999,18000,harpers.org
18999,19000,4gamer.net
19999,20000,mangatown.com
20999,21000,guardingvisionru.com
21999,22000,videos-zoofilia.com
22999,23000,keonhacai5.top
23999,24000,tobii.com
24999,25000,routeviews.org
25999,26000,wbez.org
26999,27000,engie.fr
27999,28000,acertb.com
28999,29000,trinet.com
29999,30000,incometaxgujarat.org
30999,31000,monetizer101.com
31999,32000,ast-innovation.ru
32999,33000,fair.org
33999,34000,enjin.com
34999,35000,mttnow.com
35999,36000,usm.my
36999,37000,tds.bid
37999,38000,cradlepoint.com
38999,39000,marketbusinessnews.com
39999,40000,cloudplatform.fi
40999,41000,plat.fi
41999,42000,sfist.com
42999,43000,crossword-solver.io
43999,44000,vfghe.com
44999,45000,chub.ai
45999,46000,superteacherworksheets.com
46999,47000,seaofthieves.com
47999,48000,heownouncillor.com
48999,49000,mappls.com
49999,50000,localsyr.com
50999,51000,cybcode.net
51999,52000,mobil.com
52999,53000,aroma-zone.com
53999,54000,dailynayadiganta.com
54999,55000,amplimed.com.br
55999,56000,theyworkforyou.com
56999,57000,ssi.com.vn
57999,58000,wwewlxdako.net
58999,59000,paddypower.it
59999,60000,clubessential.com
60999,61000,buhl.de
61999,62000,dattoweb.com
62999,63000,fiskerinc.com
63999,64000,pawrade.com
64999,65000,fuckhardclips.com
65999,66000,flowsense.net
66999,67000,johnshopkins.edu
67999,68000,cibeg.com
68999,69000,rapgenius.com
69999,70000,pg21.ru
70999,71000,awsdns-cn-38.com
71999,72000,okusurinavi.shop
72999,73000,nyugat.hu
73999,74000,moya-semya.ru
74999,75000,ilimnet.ru
75999,76000,academie-francaise.fr
76999,77000,mandy.com
77999,78000,beetux.com
78999,79000,laredoute.it
79999,80000,mobileverso.com.br
80999,81000,moneta.cz
81999,82000,bitrix24site.ru
82999,83000,xnxx123.net
83999,84000,cyberresilience.io
84999,85000,neko-hentai.net
85999,86000,misterrunning.com
86999,87000,indianxxxbf.com
87999,88000,podari-zhizn.ru
88999,89000,spectr-sb116.ru
89999,90000,only-znakomstva.com
90999,91000,gamewatcher.com
91999,92000,gerberchildrenswear.com
92999,93000,ipasgo.go.gov.br
93999,94000,uberlandia.mg.gov.br
94999,95000,delhihighcourt.nic.in
95999,96000,scaledagile.com
96999,97000,theacademicpapers.co.uk
97999,98000,charmfling.com
98999,99000,pskw.com
99999,100000,bluesip.net
100999,101000,qubic.li
101999,102000,iress.co.uk
102999,103000,corp.life
103999,104000,omp.ru
104999,105000,kitakyushu.lg.jp
105999,106000,gnpge.com
106999,107000,onerpm.com
107999,108000,hagel-shop.de
108999,109000,hp-mns.com
109999,110000,turismoroma.it
110999,111000,eoi.es
111999,112000,oh100.com
112999,113000,searchy.biz
113999,114000,dzrt.com
114999,115000,loose-gene.com
115999,116000,optasports.com
116999,117000,hookupguru.com
117999,118000,cccd.edu
118999,119000,ridicdn.net
119999,120000,pibig.info
120999,121000,xvidiu.pro
121999,122000,saga.lg.jp
122999,123000,rastrnet.ru
123999,124000,wikijm.com
124999,125000,rmu.edu
125999,126000,budgetyourtrip.com
126999,127000,duoprime.xyz
127999,128000,thecloudwebsiteserver.com
128999,129000,staffordshire.gov.uk
129999,130000,blossoms.com
130999,131000,onlinetopchoice.com
131999,132000,korrelate.net
132999,133000,snblymm.com
133999,134000,3sktr.vip
134999,135000,pandi.or.id
135999,136000,lottovip2023.com
136999,137000,uwtsd.ac.uk
137999,138000,ligatotomega.com
138999,139000,improd.top
139999,140000,monster-it.net
140999,141000,sunriseseniorliving.com
141999,142000,gruv.com
142999,143000,basicincome.org
143999,144000,miinps.com
144999,145000,idc.ac.il
145999,146000,fishpond.com.au
146999,147000,gflex.nl
147999,148000,cancercouncil.com.au
148999,149000,mazucdn.com
149999,150000,r34porn.net
150999,151000,elevationchurch.org
151999,152000,dermaniaplus.com
152999,153000,nea.org.np
153999,154000,nimiq.agency
154999,155000,e-kamone.com
155999,156000,jetfilm.cam
156999,157000,telekom-mms.com
157999,158000,ishigaki.co.jp
158999,159000,moola.market
159999,160000,akson.ru
160999,161000,stats-tracker.net
161999,162000,ylmmuy.com
162999,163000,pierreherme.com
163999,164000,mostbethu.net
164999,165000,spears.top
165999,166000,frenet.com.br
166999,167000,hindiyoupornx.com
167999,168000,wiz.money
168999,169000,motivtelecom.ru
169999,170000,goodao.net
170999,171000,redeunna.com.br
171999,172000,climatepolicyinitiative.org
172999,173000,loket.nl
173999,174000,add123.com
174999,175000,caci.dz
175999,176000,airdesign.in
176999,177000,innodata-isogen.com
177999,178000,deeprootedstranded.com
178999,179000,xn--m7r726cwtj.cn
179999,180000,thefancy.com
180999,181000,egitana.pt
181999,182000,fauna-flora.org
182999,183000,indahonline.com
183999,184000,poconomountains.com
184999,185000,publinet.it
185999,186000,socaseiras.com.br
186999,187000,razyboard.com
187999,188000,kenhvn2.com
188999,189000,unboxdiaries.com
189999,190000,arto-usolie.ru
190999,191000,nodestake.top
191999,192000,darklite.ru
192999,193000,nicesrv.de
193999,194000,verben10.com
194999,195000,hope.ac.uk
195999,196000,jade-hs.de
196999,197000,gountung88d.xyz
197999,198000,govzw.com
198999,199000,picsrv.net
199999,200000,dianxiatrads.com
200999,201000,wigmore-hall.org.uk
201999,202000,sunstar.com
202999,203000,simplelogin.io
203999,204000,din-server.dk
204999,205000,rtbuzz.net
205999,206000,align.com
206999,207000,koizumi-onlineshop.jp
207999,208000,fut.uz
208999,209000,lnfcu.com
209999,210000,nbb-cdn.de
210999,211000,klassekampen.no
211999,212000,catalogos365.com
212999,213000,usabilityhub.com
213999,214000,betclic.bj
214999,215000,mammyup.com
215999,216000,w2bet.net
216999,217000,farestart.org
217999,218000,tol.it
218999,219000,cxalloy.com
219999,220000,netpluz.sg
220999,221000,atp.fm
221999,222000,mappr.co
222999,223000,hear-it.org
223999,224000,nikkei.jp
224999,225000,china-zrg.com
225999,226000,mountainsteals.com
226999,227000,faxvin.com
227999,228000,luarmor.net
228999,229000,herbalessencesla.com
229999,230000,spi.uz
230999,231000,growfinancial.org
231999,232000,coinomi.com
232999,233000,ccv.church
233999,234000,retailtrends.nl
234999,235000,refurbed.com
235999,236000,verycdn.net
236999,237000,etraveligroup.com
237999,238000,zenra.net
238999,239000,111tt.icu
239999,240000,johnnie-o.com
240999,241000,jjbearings.cn
241999,242000,discoverlancaster.com
242999,243000,laurenceking.com
243999,244000,dorsten.de
244999,245000,2040-parts.com
245999,246000,rpfm.ru
246999,247000,gloriafood.com
247999,248000,painfulpleasures.com
248999,249000,asdatyres.co.uk
249999,250000,nbr.gov.bh
250999,251000,topworking.vn
251999,252000,csolve.net
252999,253000,kindroid.ai
253999,254000,abclegal.com
254999,255000,simul-china.com
255999,256000,karoo.com.br
256999,257000,morden01.com
257999,258000,mobiili.fi
258999,259000,zooanimalsexporn.com
259999,260000,sunworksnepal.com.np
260999,261000,ionline.com.au
261999,262000,clickthis.blog
262999,263000,9hf.com
263999,264000,hcmed.org
264999,265000,englishonlinehelp.com
265999,266000,daltan.hu
266999,267000,webhaus.com.br
267999,268000,fit4brain.com
268999,269000,penneo.com
269999,270000,rupt.dev
270999,271000,jalizer.com
271999,272000,ivbt.ru
272999,273000,animesubvn.tv
273999,274000,cctalk.com
274999,275000,96nmdqufhz.com
275999,276000,streameast2.com
276999,277000,forceofnatureclean.com
277999,278000,rb.net
278999,279000,gry-planszowe.pl
279999,280000,writingclasses.com
280999,281000,shahrebours.com
281999,282000,e-explorer.jp
282999,283000,web-wings.net
283999,284000,upfoot.in
284999,285000,valorantpornhentai.com
285999,286000,leakedbb.com
286999,287000,linkeservices.com
287999,288000,rewardcloud.net
288999,289000,mcdonalds.com.ar
289999,290000,littlecigogne.com
290999,291000,adad.ir
291999,292000,dnstech.ru
292999,293000,inovacaotecnologica.com.br
293999,294000,101espn.com
294999,295000,b242ya.ru
295999,296000,wichitafallstx.gov
296999,297000,rhbtradesmart.com
297999,298000,u16866.com
298999,299000,gnanagharjane.com
299999,300000,writingforums.org
300999,301000,paris-arc-de-triomphe.fr
301999,302000,atwonline.com
302999,303000,january.com
303999,304000,itovn.com.vn
304999,305000,ctoy.com.cn
305999,306000,cotdns.net
306999,307000,drbrownsbaby.com
307999,308000,tlfapparel.com
308999,309000,justdating.net
309999,310000,memozor.com
310999,311000,minzdrav.uz
311999,312000,nova1.net
312999,313000,cravingtasty.com
313999,314000,apk-download.co
314999,315000,trinaturk.com
315999,316000,mostbetoyna.ru
316999,317000,slotozal-official.xyz
317999,318000,totowuhan.com
318999,319000,sojourncreed.life
319999,320000,backabuddy.co.za
320999,321000,ggcdncc65.shop
321999,322000,osijek031.com
322999,323000,truththeory.com
323999,324000,casino-joy.click
324999,325000,biodat.ru
325999,326000,crealitycloud.cn
326999,327000,jkcottonclub.com
327999,328000,ester.ee
328999,329000,ahanonline.com
329999,330000,aksinet.net
330999,331000,gamingdns.top
331999,332000,agencedpc.fr
332999,333000,vulkan-prestige.link
333999,334000,livingston.com
334999,335000,metapolar.hu
335999,336000,belties.shop
336999,337000,defamer.com
337999,338000,learningcloud.me
338999,339000,sabon.ro
339999,340000,tennwireless.com
340999,341000,king-vulcan.biz
341999,342000,ejercito.mil.co
342999,343000,abstractwebhost.com
343999,344000,festive-lights.com
344999,345000,myschoolsask.ca
345999,346000,stealthgpt.ai
346999,347000,aware3.net
347999,348000,astons.com
348999,349000,houseofstaunton.com
349999,350000,bilgibizden10.com
350999,351000,dev4dev.ru
351999,352000,tnk12.gov
352999,353000,royalsundaram.in
353999,354000,avivare.com
354999,355000,etsyhunt.com
355999,356000,thereisadayforthat.com
356999,357000,crapuleparis.com
357999,358000,gigapower.com
358999,359000,hostedns.com.au
359999,360000,orsrika.co.il
360999,361000,trainercentralsite.com
361999,362000,kcg.ac.jp
362999,363000,hotelclub.com
363999,364000,soundtrapedusummit.com
364999,365000,salezap.ru
365999,366000,nisshin.com
366999,367000,tiws.com.ar
367999,368000,indiabiodiversity.org
368999,369000,diarioinforme.com
369999,370000,stop-ttip.org
370999,371000,cruisesheet.com
371999,372000,mccno.com
372999,373000,antifilter.download
373999,374000,hoa44trk.com
374999,375000,secure-by-design.com
375999,376000,easeus.fr
376999,377000,viax.io
377999,378000,dakotanames.com
378999,379000,lumberliquidators.com
379999,380000,usenet-fr.net
380999,381000,aviator-mostbet-casino.ru
381999,382000,fuku-e.com
382999,383000,lgecloudapm.com
383999,384000,olimp1g7w.xyz
384999,385000,colombiawebs.net
385999,386000,fts-foxnews.com
386999,387000,hot-cartoon.com
387999,388000,booksc.eu
388999,389000,jbl.no
389999,390000,sochifeya2.mobi
390999,391000,fcdnipro.ua
391999,392000,fclorient.bzh
392999,393000,natlot.be
393999,394000,bulletpointmountingsolutions.com
394999,395000,glera.net
395999,396000,asian-bondage.com
396999,397000,icdsoft.com
397999,398000,hazi.ro
398999,399000,ube-yanagiya.co.jp
399999,400000,cbscorporation.com
400999,401000,biogossip.com
401999,402000,datacenter-insider.de
402999,403000,uiverse.io
403999,404000,voxivo.com
404999,405000,capital.com.ph
405999,406000,jetgram.io
406999,407000,themdc.org
407999,408000,abude.ru
408999,409000,viva64.com
409999,410000,orca-88.space
410999,411000,gtcocalcomp.com
411999,412000,marvellover.com
412999,413000,ktokyda.ru
413999,414000,over-lap.co.jp
414999,415000,assignmentpro.com
415999,416000,moneycazino.com
416999,417000,chinacars.com
417999,418000,webnice.ru
418999,419000,sopula.com
419999,420000,mybusinesswebsite.com
420999,421000,deadstate.org
421999,422000,onlinedisclosures.co.uk
422999,423000,rds.net.pk
423999,424000,couponsherpa.com
424999,425000,viatepigan.com
425999,426000,duhoctrungquoc.vn
426999,427000,josh.org
427999,428000,inet-center.ru
428999,429000,noldus.com
429999,430000,planonsoftware.com
430999,431000,vromansbookstore.com
431999,432000,pushbulletusercontent.com
432999,433000,scoutapp.ai
433999,434000,preaching.com
434999,435000,cy2hand.com
435999,436000,mp3fitz.com
436999,437000,ozcountrymile.com
437999,438000,dotemu.com
438999,439000,peach.ne.jp
439999,440000,damaislot.org
440999,441000,stateintestacylaws.com
441999,442000,hypotheekshop.nl
442999,443000,bcps.k12.md.us
443999,444000,housekeep.com
444999,445000,db-reisewunschzettel.de
445999,446000,internetwines.com
446999,447000,thedarkknightrises.com
447999,448000,best-serial.com
448999,449000,puv.fi
449999,450000,todelete.com
450999,451000,skincarebyalana.com
451999,452000,reconditeprison.com
452999,453000,atb7pokerdom.com
453999,454000,hurma.work
454999,455000,cybernetbc.ca
455999,456000,streamready.in
456999,457000,pica-resort.jp
457999,458000,cardaccesproquick.sbs
458999,459000,isetl.org
459999,460000,perryproperty.co.nz
460999,461000,brokestraightboys.com
461999,462000,okrwmi.top
462999,463000,pokerdom7p.com
463999,464000,akita-bank.co.jp
464999,465000,onlynut.net
465999,466000,mottohub.com
466999,467000,eldocasinoz.xyz
467999,468000,miint.net
468999,469000,tengtoolsusa.com
469999,470000,holzland.de
470999,471000,alcomag.ru
471999,472000,internetmandns.com
472999,473000,tcenet.net
473999,474000,caixaconsorcio.com.br
474999,475000,hnt.com.br
475999,476000,nwxs19.com
476999,477000,th-rms.co.uk
477999,478000,naigai-gr.co.jp
478999,479000,zhealthehr.com
479999,480000,refpabxdce.top
480999,481000,wnt.com.br
481999,482000,onlinecasinohex.ca
482999,483000,myotcstore.com
483999,484000,critmc.net
484999,485000,itotdel.info
485999,486000,miarens.ir
486999,487000,eldoradocasino-ljn.top
487999,488000,ecobux.store
488999,489000,brm.io
489999,490000,webarena.com.au
490999,491000,volkswagen.cz
491999,492000,adobeposa.com
492999,493000,gme.com
493999,494000,gu84b.top
494999,495000,qoshe.com
495999,496000,flypass.com.co
496999,497000,vulcano-official-slots.com
497999,498000,jetcassiono-russia1.top
498999,499000,delboniauriemo.com.br
499999,500000,muzhiwan.com
500999,501000,jet-cazino6.win
501999,502000,webadepthost.co.uk
502999,503000,refpaxmzuq.top
503999,504000,biz.com
504999,505000,rajantwanabashu.com.np
505999,506000,watchseries8.to
506999,507000,wgauradio.com
507999,508000,kvif-fresh-casino.top
508999,509000,magar.cl
509999,510000,admiralx-ksq.top
510999,511000,admiralx-psp.top
511999,512000,faceprep.in
512999,513000,emedixus.com
513999,514000,trcot.net
514999,515000,deals75.com
515999,516000,funkelfaden.de
516999,517000,foyer.lu
517999,518000,fizabet.com
518999,519000,cotedazur.jp
519999,520000,greenwich9.ru
520999,521000,kukudm.com
521999,522000,hendrickhealth.org
522999,523000,intergeo.de
523999,524000,icap.com
524999,525000,sgr.nl
525999,526000,aeddinc.org
526999,527000,spreeradio.de
527999,528000,rola.vip
528999,529000,fnafgo.com
529999,530000,straightpress.jp
530999,531000,kokote.fr
531999,532000,freshcasino-rezak.top
532999,533000,eldoradocasino-ast.top
533999,534000,piccin.jp
534999,535000,tucanos.com
535999,536000,brentfordtw8.com
536999,537000,khongcogidau.top
537999,538000,einvoice.vn
538999,539000,dohler.com.br
539999,540000,admeca.kr
540999,541000,colgatepalmolive.it
541999,542000,geometroit.com
542999,543000,link-tap.com
543999,544000,paranix.eu
544999,545000,srv-it.de
545999,546000,wxw.media
546999,547000,tena.com.br
547999,548000,desertcart.co.uk
548999,549000,gtarp.ru
549999,550000,bescom.co.in
550999,551000,m37auction.com
551999,552000,tunbridgewells.gov.uk
552999,553000,advantech.com.cn
553999,554000,laoistoday.ie
554999,555000,multipledns.com
555999,556000,lustflesh.com
556999,557000,jiareba.com
557999,558000,wildclient.ru
558999,559000,mailtwo.com
559999,560000,luckycola.bet
560999,561000,admiralx-rjff.buzz
561999,562000,soliditet.se
562999,563000,jxgydj.com
563999,564000,sanmishahost.com
564999,565000,adveo.com
565999,566000,laihoana.com
566999,567000,wholesale-electrical-supply.com
567999,568000,hcqp9999.com
568999,569000,gzmiaoying.com
569999,570000,shorelinewa.gov
570999,571000,crystalradio.cn
571999,572000,gotestprep.com
572999,573000,vulkanplatinum-sloty.click
573999,574000,24jam.buzz
574999,575000,nungkai.com
575999,576000,tameteo.nl
576999,577000,voteriders.org
577999,578000,icoi.org
578999,579000,iikaeru.com
579999,580000,frank-casinoo.club
580999,581000,saowz.com
581999,582000,maxbets-sports-betting.club
582999,583000,hipatiapress.com
583999,584000,goulile.com
584999,585000,kirche-bremen.de
585999,586000,vnxoso.gg
586999,587000,yidaxinyuan.com
587999,588000,bgbls.com
588999,589000,bulgartel.bg
589999,590000,policeauctionscanada.com
590999,591000,elga.gr
591999,592000,melbet-app.site
592999,593000,meixiang720.com
593999,594000,rangecast.com
594999,595000,centurionim.com
595999,596000,vavada-zerkalo8.buzz
596999,597000,130slottica.com
597999,598000,melbet67217.com
598999,599000,sctkxjc.com
599999,600000,yagihashi.co.jp
600999,601000,color.io
601999,602000,hamafarin.ir
602999,603000,modelosimples.com.br
603999,604000,safahome.com
604999,605000,xemphim.app
605999,606000,s5y.io
606999,607000,navarracapital.es
607999,608000,clubs-leo.xyz
608999,609000,irsss.ca
609999,610000,stavklad.ru
610999,611000,cdhich.com
611999,612000,vendetuarma.com
612999,613000,xn----btbtmnjn.xn--p1ai
613999,614000,azino777-d2i2x.icu
614999,615000,233joycasino.top
615999,616000,loaney.es
616999,617000,77-azinomobile.ru
617999,618000,deginvest.de
618999,619000,seikun.co.jp
619999,620000,newacademic.net
620999,621000,cardinalcorp.com
621999,622000,zhixiangtongtao.com
622999,623000,aimst.edu.my
623999,624000,alphega-farmacie.ro
624999,625000,zsjjrhy.com
625999,626000,gold-miners.site
626999,627000,vulcan-mobile.club
627999,628000,50reefs.org
628999,629000,penggeshuofang.com
629999,630000,ayybyyy.com
630999,631000,thuuz.com
631999,632000,stoodnt.com
632999,633000,hnsywlkj.com
633999,634000,b1g.one
634999,635000,theunionleader.com
635999,636000,emma-sleep.com.ph
636999,637000,easytechhome.com
637999,638000,thepornbuzz.com
638999,639000,zhilingcy.com
639999,640000,bathabbey.org
640999,641000,bornete.com
641999,642000,nhathuocviet.vn
642999,643000,orologidiclasse.com
643999,644000,wunderkopf.de
644999,645000,fonbet-a78c3.com
645999,646000,goleapfrog.com
646999,647000,riobet-141.ru
647999,648000,limak.az
648999,649000,insidethevatican.com
649999,650000,kramp.ru
650999,651000,teror.es
651999,652000,pokerdomked.top
652999,653000,knifeinformer.com
653999,654000,silkair.com
654999,655000,efusionworld.net
655999,656000,yshghs.com
656999,657000,aquarium.bg
657999,658000,thekitchenemporiumanderson.com
658999,659000,pokerdom-ru1.fun
659999,660000,pointonenav.com
660999,661000,mixcar.ru
661999,662000,attitash.com
662999,663000,pornokyb.com
663999,664000,booicasino-sdp.top
664999,665000,rocket-inc.net
665999,666000,salomaozoppi.com.br
666999,667000,zxtfz.com
667999,668000,nanjingyoulin.com
668999,669000,blackstonepublishing.com
669999,670000,shurenyb.com
670999,671000,libnauka.ru
671999,672000,kelas.work
672999,673000,soccer-history.com
673999,674000,uzbek-porn.top
674999,675000,lordserial.casa
675999,676000,yammienoob.co
676999,677000,superplayer-club.com
677999,678000,thomashinder.com
678999,679000,reelproductionshd.com
679999,680000,yme.gr
680999,681000,cs-go-go.top
681999,682000,jotowo.com
682999,683000,noamazonaseassim.com
683999,684000,xtspost.com
684999,685000,sansec.io
685999,686000,nanjiayanke.com
686999,687000,ty-textiles.com
687999,688000,zincring.com
688999,689000,lucrosa2023.xyz
689999,690000,arcblock.io
690999,691000,ximxim.com
691999,692000,latigi.com
692999,693000,twthchina.com
693999,694000,netwatch360.com
694999,695000,pinupoficialnoecasinotop777.win
695999,696000,shunxishun.com
696999,697000,azinoslot.tech
697999,698000,gangshanghuaqipai.com
698999,699000,leonbets-mlv8.site
699999,700000,bee-ev.de
700999,701000,atlantamission.org
701999,702000,southseas.com
702999,703000,sol44.casino
703999,704000,7k-casino-ru.online
704999,705000,russia-today.ru
705999,706000,pinup-officialniisite13win.win
706999,707000,szshanzhe.com
707999,708000,rating-casino183-2023.win
708999,709000,xinronghuagong.com
709999,710000,cristalinedejour.fr
710999,711000,pokerdom-cno5.top
711999,712000,bayernwelle.de
712999,713000,tns.co
713999,714000,kingjohnnie.live
714999,715000,eureka-24-08.top
715999,716000,deventrade.com
716999,717000,friendshiptrivia.com
717999,718000,alutech.ru
718999,719000,duoduojupin.com
719999,720000,pornoskazka9.org
720999,721000,ld-333.com
721999,722000,booseries.online
722999,723000,lyydyl.com
723999,724000,ldmk.co.jp
724999,725000,clubsgoldi.xyz
725999,726000,smclassiccars.com
726999,727000,babobotanicals.com
727999,728000,roblox.ge
728999,729000,eldoradocasino-kti.top
729999,730000,capt.org.uk
730999,731000,seriousfactory.com
731999,732000,kokshetau.asia
732999,733000,wunderlabel.com
733999,734000,biletwise.com
734999,735000,pin-up-casino-sp9.top
735999,736000,fangirlish.com
736999,737000,maxicom.cz
737999,738000,ice-casino.it
738999,739000,diveboard.com
739999,740000,otora.info
740999,741000,rollingriver.com
741999,742000,brandizzi.com
742999,743000,saimoveis.com.br
743999,744000,mono-iki.com
744999,745000,fuukpusi.com
745999,746000,wowbabel.com
746999,747000,bezdepswin.com
747999,748000,devcgroup.com
748999,749000,terrancle.net
749999,750000,nsunfintech.com
750999,751000,leonbets-mlv10.site
751999,752000,starkautosales.com
752999,753000,region10.org
753999,754000,borisboroda.ru
754999,755000,votejohndantzler.com
755999,756000,guitarkit.shop
756999,757000,e-laziostore.it
757999,758000,parasol.ua
758999,759000,chief-floraldesigner.com
759999,760000,asnhosting.com
760999,761000,lvdaguangg.com
761999,762000,sdhuesca.es
762999,763000,iatserv.com
763999,764000,datspush.com
764999,765000,facuminas.com.br
765999,766000,omf.net.au
766999,767000,metodist.ru
767999,768000,adidas.in
768999,769000,tsc.k12.in.us
769999,770000,hwhost.in
770999,771000,uzio.com
771999,772000,twitscoop.com
772999,773000,agentcubed.com
773999,774000,ag-co.com
774999,775000,clayelectric.com
775999,776000,gazzettadisiena.it
776999,777000,unclaimedfreightfurniture.com
777999,778000,cryptotrials.care
778999,779000,xlmoto.de
779999,780000,okuma.kg
780999,781000,mtsdvorana.rs
781999,782000,rationalacoustics.com
782999,783000,gruppocarige.it
783999,784000,dontmesswithmama.com
784999,785000,hnxueba.com
785999,786000,clicknetbrasil.com.br
786999,787000,ceccarbusinessmagazine.ro
787999,788000,ameliorated.io
788999,789000,harmankardon.com.br
789999,790000,xxxproud.com
790999,791000,seven7.net.br
791999,792000,excelerondesigns.com
792999,793000,1666-1646.com
793999,794000,9ten.live
794999,795000,agrosiaa.com
795999,796000,alnqabialjanubi.com
796999,797000,anubis-tierbestattungen.de
797999,798000,arwin.com
798999,799000,autozoneksa.com
799999,800000,barodarrb.co.in
800999,801000,betapp007.xyz
801999,802000,biuro.lt
802999,803000,brandlive.net
803999,804000,cali.org.tw
804999,805000,cccp13.fr
805999,806000,cic-mobile.fr
806999,807000,codelearn.cat
807999,808000,cpp.ne.jp
808999,809000,dandelionmedia-fans.com
809999,810000,dezzato.com.br
810999,811000,dolar.pe
811999,812000,e-kruk.pl
812999,813000,elcitur.com.tr
813999,814000,erationcard.in
814999,815000,extremerangeoutfitters.com
815999,816000,fibes.gr
816999,817000,formacioncontinua.mx
817999,818000,g2gbm.com
818999,819000,ghtiket.solutions
819999,820000,gramfree.net
820999,821000,handsman.co.jp
821999,822000,hindinibandh.in
822999,823000,hungarianlegends.hu
823999,824000,impotarja.com
824999,825000,iqmetrics.org
825999,826000,jcjucheng.com.tw
826999,827000,justlaw.com.tw
827999,828000,kenjisugimoto.com
828999,829000,koi88login.com
829999,830000,laboratoriopretti.com.br
830999,831000,lentesdecontacto365.es
831999,832000,localsonly.com.ar
832999,833000,lyes.tw
833999,834000,mantigor.sch.id
834999,835000,med-atlant.if.ua
835999,836000,micredijamar.com
836999,837000,modexastyl.cz
837999,838000,mssc.co.in
838999,839000,myvetshop.fr
839999,840000,neweracap.com.my
840999,841000,ns-com.net
841999,842000,omronhealthcare.com.tw
842999,843000,overcube.com
843999,844000,patuljak.me
844999,845000,photogov.com
845999,846000,pokeka-atari.jp
846999,847000,primenews.press
847999,848000,qexch.com
848999,849000,realindiansexclips.com
849999,850000,rioschools.org
850999,851000,saabwisonline.com
851999,852000,savemore.com.tw
852999,853000,sesp.mt.gov.br
853999,854000,shyam777.in
854999,855000,slotfnegame.com
855999,856000,spa-lyon.org
856999,857000,stopandgoal.net
857999,858000,sweat.jp
858999,859000,tcpharyana.gov.in
859999,860000,thefaceshop.in
860999,861000,toeat.ca
861999,862000,tribu.one
862999,863000,ucuzpin.com
863999,864000,usebemtevi.com
864999,865000,vidaplenaysalud.site
865999,866000,w8shippingua.com
866999,867000,wise.live
867999,868000,xnxxhdvideo.com
868999,869000,zaidimai.lt
869999,870000,mecalac.com
870999,871000,superformance.com
871999,872000,ajanszero.com
872999,873000,cdshuangsheng.com
873999,874000,cloud-for-all.com
874999,875000,wooshinchemtech.co.kr
875999,876000,fluoxetine.charity
876999,877000,poig.gov.pl
877999,878000,aklasbelafast.com
878999,879000,firebrno.cz
879999,880000,mega-vulkan-official.com
880999,881000,immosquare.com
881999,882000,ahlijian.com
882999,883000,lmginsurance.co.th
883999,884000,shemayisrael.com
884999,885000,omhsi1.com
885999,886000,americanboardortho.com
886999,887000,doublefocus.net
887999,888000,frendscazino.shop
888999,889000,infinitelifeelectric.com
889999,890000,happybirthdaymsg.com
890999,891000,netdiffusion.com
891999,892000,prorobat.com
892999,893000,nhahatcheovietnam.vn
893999,894000,natura-sciences.com
894999,895000,onlineprestige-vulkan.com
895999,896000,howolddoyoulook.com
896999,897000,booicasino-lxh.top
897999,898000,hndianjiang.com
898999,899000,victorpetfood.com
899999,900000,timestelegram.com
900999,901000,online-tablet24.ru
901999,902000,hookyoup.com
902999,903000,wikistero.com
903999,904000,vulkancasinoy12.xyz
904999,905000,primentos6960.com
905999,906000,coscup.org
906999,907000,corvina.io
907999,908000,reconyx.com
908999,909000,faststart.ai
909999,910000,sv288.com
910999,911000,roxcasino190.com
911999,912000,due777.co
912999,913000,slotozalonliney9.xyz
913999,914000,leapp.top
914999,915000,azino777casino-cro.ru
915999,916000,gotfrag.com
916999,917000,marathonnn.ru
917999,918000,cassino-gurrru.com
918999,919000,remodeladvisor.com
919999,920000,churchlawandtax.com
920999,921000,tdelga.ru
921999,922000,roxcasino460.com
922999,923000,azino777playazino.ru
923999,924000,spinamba45.com
924999,925000,zxcvn.xyz
925999,926000,spadellandia.it
926999,927000,undernylon.com
927999,928000,antisocial.io
928999,929000,coincapital.vip
929999,930000,66zcp.com
930999,931000,minipoliskids.ru
931999,932000,letenkyzababku.sk
932999,933000,eabzhvm.cn
933999,934000,vnsky.vn
934999,935000,cdbocheng.com
935999,936000,darkproject.ru
936999,937000,beasze.live
937999,938000,govmail.ke
938999,939000,egubjrc.cn
939999,940000,letysoft.sk
940999,941000,directory-daddy.com
941999,942000,bizeeinternet.co.uk
942999,943000,dragnetnigeria.com
943999,944000,casinofreespins29.ru
944999,945000,pokerdom26fd.ru
945999,946000,landesbibliothek.at
946999,947000,geedorah.com
947999,948000,agrovision.nl
948999,949000,banynyc.com
949999,950000,tywhh.com
950999,951000,wn548.cn
951999,952000,pedidosya.cr
952999,953000,vavadargn.com
953999,954000,360.io
954999,955000,template-toolkit.org
955999,956000,compliancecoordinator.org
956999,957000,hischannel.com
957999,958000,biotechnologia.pl
958999,959000,slottica-casino.net
959999,960000,4it.com.au
960999,961000,disastorefront.com
961999,962000,epicwow.com
962999,963000,wheretherebedragons.com
963999,964000,maxbetslots-iqg.buzz
964999,965000,pinup-ru-2-amp-23-12-6.com
965999,966000,iro63.ru
966999,967000,fulianx.cn
967999,968000,topslotsite.com
968999,969000,cherryterrace.co.jp
969999,970000,desktopwallpapers.ru
970999,971000,paypal-takeabreak.com
971999,972000,mercerbell.com.au
972999,973000,ramhal.com
973999,974000,jetteknoloji.com
974999,975000,eccontainer.cn
975999,976000,qbsol.net
976999,977000,bezdep-casinos1.space
977999,978000,flipflopflyin.com
978999,979000,250.com.au
979999,980000,iscqg.cn
980999,981000,kubatana.net
981999,982000,wl258.cn
982999,983000,grimace.life
983999,984000,jellice-cart.com
984999,985000,forenverzeichnis.com
985999,986000,mael-tv.online
986999,987000,serenitycoast.com
987999,988000,tjluyang.com
988999,989000,a2btrack.com
989999,990000,fcgcfw.cn
990999,991000,incrementx.com
991999,992000,ip-135-125-188.eu
992999,993000,huismarseille.nl
993999,994000,wlkdreamx.com
994999,995000,loginhood.io
995999,996000,myubi.tv
996999,997000,champion-casino-rwd.buzz
997999,998000,xn--e02bi23c.biz
998999,999000,zerkalo-playfortuna.ru
999999,1000000,jgshh.de
